id,first_name,last_name,email,gender,ip_address
1,Renato,Kelleher,rkelleher0@forbes.com,Bigender,6.63.136.219
2,Ransom,Bugg,rbugg1@rakuten.co.jp,Male,178.37.191.124
3,Charlie,Gemlett,cgemlett2@macromedia.com,Male,146.53.133.237
4,Bert,Coultar,bcoultar3@nymag.com,Female,127.17.196.103
5,Rowena,Bridgett,rbridgett4@ox.ac.uk,Female,115.19.127.95
6,Lorry,Brickdale,lbrickdale5@seattletimes.com,Female,8.190.30.242
7,Ab,Astlett,aastlett6@indiegogo.com,Male,19.134.181.195
8,Derry,Lubman,dlubman7@oracle.com,Male,13.240.140.97
9,Goddart,Belly,gbelly8@canalblog.com,Male,28.88.222.23
10,Yolanda,Lambe,ylambe9@yellowpages.com,Female,179.66.66.44
11,Merrel,Atchly,matchlya@smugmug.com,Male,96.207.117.87
12,Koo,Oubridge,koubridgeb@sourceforge.net,Female,225.191.243.142
13,Nadiya,McGurn,nmcgurnc@guardian.co.uk,Female,131.41.158.179
14,Netta,Faircliffe,nfaircliffed@ted.com,Agender,166.125.82.229
15,Bernadina,Gaber,bgabere@acquirethisname.com,Female,68.215.184.50
16,Tam,Braley,tbraleyf@europa.eu,Male,48.56.187.134
17,Angil,Brindle,abrindleg@nymag.com,Female,172.13.29.37
18,Zak,Slucock,zslucockh@ezinearticles.com,Male,83.233.11.77
19,Dana,Aleshintsev,daleshintsevi@ycombinator.com,Male,225.212.191.84
20,Ado,Lindelof,alindelofj@wikispaces.com,Male,168.53.186.41
21,Zeke,Gronou,zgronouk@latimes.com,Male,0.252.239.242
22,Peria,Ferrucci,pferruccil@wikimedia.org,Female,193.44.179.117
23,Terrence,Yarwood,tyarwoodm@imdb.com,Male,249.100.38.172
24,Wilmer,Bardwall,wbardwalln@jigsy.com,Male,104.157.113.55
25,Jamaal,Werrit,jwerrito@senate.gov,Male,190.28.166.232
26,Britt,Sinncock,bsinncockp@washingtonpost.com,Female,149.26.184.11
27,Eddy,Punshon,epunshonq@sitemeter.com,Female,83.200.118.99
28,Corney,Waeland,cwaelandr@arizona.edu,Male,144.239.19.122
29,Maximilian,Trustrie,mtrustries@aol.com,Genderfluid,79.9.110.139
30,Alair,Comber,acombert@com.com,Male,2.49.153.4
31,Ardelia,Benediktovich,abenediktovichu@flickr.com,Female,45.202.246.203
32,Rodger,Byfford,rbyffordv@state.tx.us,Male,234.69.7.73
33,Mahmoud,Treece,mtreecew@utexas.edu,Male,50.164.67.44
34,Miguela,Elsmore,melsmorex@unc.edu,Female,45.24.151.202
35,Jamil,Carnihan,jcarnihany@fastcompany.com,Male,67.178.219.230
36,Salome,Bengtsen,sbengtsenz@cnet.com,Agender,176.162.123.197
37,Artemus,Antoniat,aantoniat10@blogger.com,Male,98.192.101.87
38,Johannah,Spensly,jspensly11@tiny.cc,Female,242.145.30.208
39,Gene,Priditt,gpriditt12@mapy.cz,Male,185.190.84.225
40,Kikelia,Tibbits,ktibbits13@exblog.jp,Female,108.19.14.91
41,Delaney,Euler,deuler14@reference.com,Male,143.143.253.11
42,Roseline,Ochterlony,rochterlony15@1und1.de,Genderqueer,198.249.12.84
43,Alyss,Tynnan,atynnan16@about.com,Female,26.71.62.43
44,Brander,Derisly,bderisly17@i2i.jp,Male,113.208.149.206
45,Cindee,Peschmann,cpeschmann18@un.org,Female,85.200.207.7
46,Ardys,Parkes,aparkes19@google.de,Female,153.19.131.31
47,Tory,Puttnam,tputtnam1a@newyorker.com,Female,5.34.203.55
48,Eryn,Loughren,eloughren1b@nsw.gov.au,Female,163.168.182.62
49,Almeta,Whittall,awhittall1c@redcross.org,Female,133.137.143.233
50,Ruby,Layborn,rlayborn1d@wiley.com,Male,118.108.2.116
51,Birch,Gentner,bgentner1e@squarespace.com,Male,190.166.140.199
52,Almira,Stockport,astockport1f@nature.com,Female,232.101.171.195
53,Lorain,Blanden,lblanden1g@fc2.com,Female,110.134.104.143
54,Corny,Feltham,cfeltham1h@state.tx.us,Male,46.37.153.169
55,Emmit,Zecchinelli,ezecchinelli1i@mashable.com,Male,33.23.209.212
56,Kore,Ackermann,kackermann1j@patch.com,Female,102.244.64.177
57,Madonna,Kleen,mkleen1k@last.fm,Genderfluid,170.92.223.238
58,Sid,MacAirt,smacairt1l@free.fr,Male,136.46.99.105
59,Almeta,Screeton,ascreeton1m@printfriendly.com,Female,98.28.174.109
60,Royce,Josiah,rjosiah1n@paginegialle.it,Male,63.116.63.101
61,Loralyn,Kruszelnicki,lkruszelnicki1o@cisco.com,Agender,48.64.182.113
62,Boone,Hurst,bhurst1p@acquirethisname.com,Male,205.158.129.129
63,Bucky,Force,bforce1q@ifeng.com,Male,125.71.214.12
64,Silvanus,Crutch,scrutch1r@japanpost.jp,Male,232.193.33.165
65,Tedmund,Brahm,tbrahm1s@blog.com,Male,27.63.31.233
66,Roana,Simoens,rsimoens1t@cpanel.net,Female,220.178.14.205
67,Dina,Watling,dwatling1u@paginegialle.it,Female,249.160.199.251
68,Lorrie,Willerton,lwillerton1v@chicagotribune.com,Male,230.152.241.61
69,Anton,Waiton,awaiton1w@stumbleupon.com,Male,186.170.22.124
70,Camey,Faithfull,cfaithfull1x@infoseek.co.jp,Male,63.104.53.46
71,Randolf,Blonden,rblonden1y@sun.com,Male,69.125.229.41
72,Peri,Hanway,phanway1z@independent.co.uk,Female,68.208.4.248
73,Bart,Lewendon,blewendon20@51.la,Male,134.179.144.166
74,Dyann,Gillott,dgillott21@scribd.com,Female,84.91.243.67
75,Hillel,Bernon,hbernon22@naver.com,Male,35.135.227.226
76,Hershel,Hoffman,hhoffman23@mapy.cz,Male,238.169.29.42
77,Ezri,Burnitt,eburnitt24@sogou.com,Male,128.113.203.140
78,Constantin,People,cpeople25@phoca.cz,Bigender,29.5.201.194
79,Bonnee,Murray,bmurray26@zdnet.com,Female,118.200.251.155
80,Dallis,Garlee,dgarlee27@samsung.com,Male,113.207.140.189
81,Shurlock,Ingles,singles28@google.co.uk,Male,150.123.75.215
82,Garek,Jencey,gjencey29@apple.com,Male,172.149.185.158
83,Dimitry,Coots,dcoots2a@gov.uk,Male,211.54.207.168
84,Terrijo,Assandri,tassandri2b@ycombinator.com,Female,8.126.120.229
85,Lorraine,Haug,lhaug2c@webeden.co.uk,Female,254.62.238.82
86,Perrine,Donohoe,pdonohoe2d@nbcnews.com,Female,198.47.71.98
87,Marney,Durand,mdurand2e@usgs.gov,Female,65.104.163.240
88,Fawnia,Itzhaki,fitzhaki2f@dagondesign.com,Female,99.251.170.37
89,Lurette,Brummitt,lbrummitt2g@marketwatch.com,Female,206.32.83.147
90,Doll,Brabban,dbrabban2h@google.de,Female,99.58.189.211
91,Fayina,Hadwen,fhadwen2i@homestead.com,Female,33.51.1.154
92,Felicio,Tille,ftille2j@ox.ac.uk,Male,118.197.163.74
93,Dionisio,Leel,dleel2k@technorati.com,Male,20.224.47.60
94,Beatrisa,Greim,bgreim2l@wix.com,Female,27.130.187.15
95,Pavia,Donett,pdonett2m@vinaora.com,Female,144.24.218.46
96,Frankie,Costa,fcosta2n@biglobe.ne.jp,Male,136.124.75.239
97,Luce,Iacavone,liacavone2o@google.es,Male,236.3.129.208
98,Gan,Sutherby,gsutherby2p@uol.com.br,Male,246.64.238.143
99,Rees,Tarren,rtarren2q@123-reg.co.uk,Male,108.192.208.251
100,Gabriela,Skace,gskace2r@newyorker.com,Non-binary,182.230.18.230
101,Ravi,Josilowski,rjosilowski2s@marketwatch.com,Genderfluid,102.246.180.20
102,Candace,Roizin,croizin2t@storify.com,Female,39.124.179.255
103,Danya,Mosedale,dmosedale2u@sogou.com,Male,80.122.230.162
104,Cord,Dwelly,cdwelly2v@cam.ac.uk,Male,191.224.21.182
105,Gwenneth,Vaan,gvaan2w@hhs.gov,Female,147.129.233.101
106,Douglas,Goodredge,dgoodredge2x@netlog.com,Male,8.29.207.247
107,Berne,Hefferon,bhefferon2y@ft.com,Male,213.55.121.223
108,Ora,Rihanek,orihanek2z@cnet.com,Female,183.23.198.137
109,Fletcher,Sappell,fsappell30@nature.com,Male,129.248.130.35
110,Sigvard,Kondratenko,skondratenko31@vinaora.com,Male,211.127.21.222
111,Carmelia,O' Mulderrig,comulderrig32@webmd.com,Female,176.154.156.143
112,Vivie,Boxall,vboxall33@meetup.com,Female,221.172.130.48
113,Helen-elizabeth,Crafter,hcrafter34@infoseek.co.jp,Female,143.54.211.218
114,Gale,Greiswood,ggreiswood35@google.cn,Female,221.192.226.236
115,Emilia,Dunkerly,edunkerly36@bbb.org,Female,41.175.47.236
116,Josy,Zima,jzima37@issuu.com,Female,232.11.131.125
117,Lee,Writtle,lwrittle38@unesco.org,Male,81.151.223.231
118,Dimitry,Kennicott,dkennicott39@businesswire.com,Male,94.198.153.36
119,Noreen,Belk,nbelk3a@ebay.co.uk,Female,52.200.162.52
120,Milka,Fehner,mfehner3b@vkontakte.ru,Agender,125.174.76.148
121,Etheline,Axleby,eaxleby3c@gravatar.com,Female,2.150.180.15
122,Karoly,Agates,kagates3d@answers.com,Female,76.64.10.144
123,Obediah,Bielfelt,obielfelt3e@wired.com,Male,98.112.104.152
124,Trevar,Fetters,tfetters3f@blogtalkradio.com,Male,48.96.146.139
125,Kat,Beckinsale,kbeckinsale3g@blogger.com,Female,229.37.93.152
126,Carlye,Engeham,cengeham3h@columbia.edu,Female,153.140.118.235
127,Dougy,Ismay,dismay3i@etsy.com,Male,51.247.210.93
128,Greta,Matusiak,gmatusiak3j@ehow.com,Polygender,200.80.110.89
129,Greggory,Lile,glile3k@mashable.com,Male,9.137.51.183
130,Glynda,Egel,gegel3l@slashdot.org,Female,74.6.222.88
131,Calley,Larmouth,clarmouth3m@hibu.com,Female,188.81.98.222
132,Julius,Bulbrook,jbulbrook3n@hexun.com,Male,47.113.174.201
133,Vivian,McCaughren,vmccaughren3o@wsj.com,Female,1.140.12.81
134,Dorene,Muzzall,dmuzzall3p@fastcompany.com,Female,197.229.138.78
135,Hynda,O'Reilly,horeilly3q@house.gov,Female,68.43.131.97
136,Ole,Gosnell,ogosnell3r@facebook.com,Male,153.4.218.240
137,Xymenes,Bending,xbending3s@japanpost.jp,Male,43.119.138.42
138,Lorelle,Bonehill,lbonehill3t@behance.net,Female,34.156.157.18
139,Giovanna,Gallico,ggallico3u@icio.us,Female,104.105.93.63
140,Amery,Van Oort,avanoort3v@ft.com,Male,227.141.197.176
141,Marj,Frary,mfrary3w@dailymail.co.uk,Polygender,195.134.230.82
142,Corrie,Wherrit,cwherrit3x@xing.com,Male,121.31.39.116
143,Kass,Padfield,kpadfield3y@cocolog-nifty.com,Female,84.41.199.238
144,Ashley,Schusterl,aschusterl3z@cdbaby.com,Male,79.145.77.73
145,Chase,Filipczak,cfilipczak40@bluehost.com,Male,122.45.230.179
146,Andras,Gretham,agretham41@squidoo.com,Male,221.18.134.137
147,Neely,Rait,nrait42@goo.gl,Female,255.171.69.46
148,Gilligan,Lettuce,glettuce43@cisco.com,Female,29.120.120.123
149,Marshall,Tonner,mtonner44@alibaba.com,Male,159.151.218.13
150,Brion,Bellord,bbellord45@blinklist.com,Male,219.102.25.187
151,Charmion,Leaton,cleaton46@buzzfeed.com,Female,13.30.250.173
152,Suzy,Alfonso,salfonso47@ifeng.com,Female,218.156.195.45
153,Nettle,Creffield,ncreffield48@ning.com,Female,205.214.184.223
154,Gabriel,Pike,gpike49@mediafire.com,Male,121.186.158.237
155,Tristam,Winridge,twinridge4a@newyorker.com,Male,112.26.243.20
156,Osborn,Galley,ogalley4b@google.pl,Male,140.57.129.45
157,Francene,De Cruze,fdecruze4c@boston.com,Female,156.237.20.56
158,Sutherland,Beamish,sbeamish4d@sohu.com,Male,65.0.252.42
159,Gabriello,Le Count,glecount4e@earthlink.net,Male,7.234.217.186
160,Andris,Jackalin,ajackalin4f@foxnews.com,Male,138.243.121.55
161,Juana,Brekonridge,jbrekonridge4g@ning.com,Female,56.208.73.9
162,Mufinella,Carette,mcarette4h@addthis.com,Female,163.145.234.118
163,Lanita,Avrashin,lavrashin4i@etsy.com,Female,212.142.188.7
164,Lari,Brick,lbrick4j@xrea.com,Female,62.80.184.5
165,Abagail,Cornewell,acornewell4k@xinhuanet.com,Female,94.67.197.45
166,Sherwynd,Zorzutti,szorzutti4l@google.cn,Male,83.39.220.171
167,Nelly,Sinderland,nsinderland4m@i2i.jp,Female,0.82.229.243
168,Karia,Beglin,kbeglin4n@themeforest.net,Female,1.191.77.15
169,Alexander,Klimentov,aklimentov4o@over-blog.com,Male,157.115.1.212
170,Anica,Durdy,adurdy4p@sourceforge.net,Female,206.182.162.5
171,Catha,Blennerhassett,cblennerhassett4q@tamu.edu,Female,64.79.132.177
172,Laughton,Huygen,lhuygen4r@reference.com,Male,80.141.55.199
173,Morgan,Janos,mjanos4s@hud.gov,Female,60.40.81.158
174,Lisle,O'Hollegan,lohollegan4t@admin.ch,Male,223.235.249.137
175,Silvanus,Lghan,slghan4u@intel.com,Male,174.13.181.165
176,Cosmo,Jersch,cjersch4v@google.cn,Male,80.162.181.3
177,Dasha,Dabling,ddabling4w@mtv.com,Female,77.174.25.45
178,Kinnie,Dunan,kdunan4x@ed.gov,Male,25.71.248.52
179,Hewet,Britto,hbritto4y@washington.edu,Male,223.82.223.20
180,Lynnette,Kid,lkid4z@howstuffworks.com,Female,18.122.171.11
181,Dominick,Longstaff,dlongstaff50@barnesandnoble.com,Polygender,54.50.94.17
182,Aymer,Fenna,afenna51@guardian.co.uk,Male,65.83.212.66
183,Melvyn,Churn,mchurn52@w3.org,Male,53.83.180.123
184,Gaye,Callow,gcallow53@cpanel.net,Female,243.82.251.193
185,Jessi,Gascoigne,jgascoigne54@technorati.com,Female,162.27.2.121
186,Philis,Castelow,pcastelow55@wisc.edu,Female,80.71.228.163
187,Jeanna,O' Faherty,jofaherty56@spotify.com,Female,83.142.4.77
188,Oliver,Lavallie,olavallie57@wikia.com,Male,118.229.10.174
189,Giffard,McElane,gmcelane58@mapquest.com,Male,136.120.106.86
190,Free,Dunk,fdunk59@mediafire.com,Male,217.134.102.7
191,Schuyler,Benting,sbenting5a@wp.com,Male,180.21.196.24
192,Jeannine,MacRedmond,jmacredmond5b@bandcamp.com,Female,43.219.47.158
193,Cheryl,Iuorio,ciuorio5c@ycombinator.com,Female,229.11.65.61
194,Garner,Dike,gdike5d@hhs.gov,Agender,72.56.207.223
195,Forrester,Mateos,fmateos5e@illinois.edu,Male,226.101.207.246
196,Mace,Bullus,mbullus5f@vistaprint.com,Genderqueer,246.188.185.6
197,Laural,Conley,lconley5g@jugem.jp,Female,19.141.34.33
198,Eugene,Jaggli,ejaggli5h@trellian.com,Male,68.141.211.68
199,Killian,Chastenet,kchastenet5i@qq.com,Male,175.237.230.44
200,Leese,Edmands,ledmands5j@gizmodo.com,Female,234.91.89.56
201,Fabio,Alexandersson,falexandersson5k@furl.net,Male,7.11.100.79
202,Giana,Holborn,gholborn5l@etsy.com,Female,227.80.237.57
203,Bertrando,Reckhouse,breckhouse5m@upenn.edu,Male,176.95.177.44
204,Elvina,McCabe,emccabe5n@ft.com,Female,228.137.218.108
205,Garnette,Lago,glago5o@forbes.com,Female,127.108.99.28
206,Erin,Sayes,esayes5p@bravesites.com,Male,255.41.173.69
207,Curtis,Hassin,chassin5q@behance.net,Male,141.164.134.36
208,Otes,Ewart,oewart5r@purevolume.com,Male,122.34.57.238
209,Giacomo,Brauner,gbrauner5s@psu.edu,Male,231.91.231.24
210,Christoper,Giacubo,cgiacubo5t@csmonitor.com,Male,161.40.222.188
211,Glory,Pyner,gpyner5u@privacy.gov.au,Female,186.171.15.149
212,Lucia,Woolsey,lwoolsey5v@godaddy.com,Female,29.176.56.69
213,Kyla,Avarne,kavarne5w@timesonline.co.uk,Female,53.108.101.249
214,Chris,Arpe,carpe5x@paypal.com,Female,69.31.199.128
215,Dixie,Swepson,dswepson5y@icio.us,Female,217.181.164.66
216,Nickola,Skidmore,nskidmore5z@whitehouse.gov,Genderqueer,236.68.63.224
217,Guilbert,Gouldsmith,ggouldsmith60@nydailynews.com,Male,126.21.196.155
218,Lisetta,Birdwhistle,lbirdwhistle61@whitehouse.gov,Female,173.56.40.203
219,Kahaleel,Wohlers,kwohlers62@archive.org,Male,10.250.202.121
220,Erv,Benardet,ebenardet63@adobe.com,Male,82.135.122.167
221,Mattie,Sculpher,msculpher64@homestead.com,Bigender,109.39.140.173
222,Xena,Windmill,xwindmill65@independent.co.uk,Female,252.188.123.111
223,Nero,Penas,npenas66@jiathis.com,Male,184.238.160.107
224,Eda,De Filippis,edefilippis67@vimeo.com,Female,87.146.13.65
225,Brear,Bedder,bbedder68@eepurl.com,Female,146.183.94.222
226,Ced,Tyrie,ctyrie69@123-reg.co.uk,Male,141.68.75.208
227,Sisely,Cadwaladr,scadwaladr6a@smugmug.com,Female,249.156.135.215
228,Niki,Nern,nnern6b@washington.edu,Male,16.15.92.89
229,Theressa,Maisey,tmaisey6c@xinhuanet.com,Female,228.167.162.21
230,Davie,Cristobal,dcristobal6d@ox.ac.uk,Male,165.133.7.73
231,Dolph,Raymen,draymen6e@skyrock.com,Male,229.95.200.150
232,Luis,Yegorov,lyegorov6f@archive.org,Male,150.106.150.143
233,Evelin,Quaife,equaife6g@hp.com,Male,108.115.101.125
234,Weider,Arlet,warlet6h@goodreads.com,Male,20.189.47.135
235,Brear,Blachford,bblachford6i@paginegialle.it,Female,144.50.80.226
236,Liesa,O'Riordan,loriordan6j@mapy.cz,Female,222.41.79.56
237,Marnie,Joder,mjoder6k@twitter.com,Female,97.39.205.73
238,Bambi,Gideon,bgideon6l@geocities.jp,Female,185.148.221.81
239,Ezri,Kalisch,ekalisch6m@163.com,Male,166.138.28.123
240,Elle,Karolczyk,ekarolczyk6n@ning.com,Female,13.183.144.215
241,Jorrie,Brobyn,jbrobyn6o@mail.ru,Female,201.152.53.177
242,Candra,Powles,cpowles6p@dagondesign.com,Female,170.253.196.131
243,Nowell,Damiral,ndamiral6q@skyrock.com,Male,151.105.1.68
244,Bessy,Rockey,brockey6r@github.io,Female,69.103.12.125
245,Gina,Caulcott,gcaulcott6s@google.ca,Polygender,231.235.174.82
246,Celine,Weatherell,cweatherell6t@sciencedaily.com,Female,227.241.32.146
247,Ludovico,Bascomb,lbascomb6u@dmoz.org,Male,23.162.72.107
248,Francisca,Guittet,fguittet6v@examiner.com,Female,36.139.192.102
249,Sarajane,Gillings,sgillings6w@youtu.be,Female,18.95.141.11
250,Gina,Bockett,gbockett6x@theguardian.com,Female,45.89.139.81
251,Devin,Mendel,dmendel6y@oracle.com,Male,212.110.226.85
252,Silvester,Radbond,sradbond6z@mysql.com,Male,206.41.105.210
253,Cass,Sargison,csargison70@howstuffworks.com,Male,73.190.209.249
254,Timotheus,Presswell,tpresswell71@ezinearticles.com,Male,67.185.160.141
255,Grant,Brim,gbrim72@si.edu,Agender,115.175.236.61
256,Selena,Frankish,sfrankish73@bing.com,Female,119.250.77.169
257,Robinet,Kellar,rkellar74@sitemeter.com,Male,221.95.129.223
258,Tonia,Thomason,tthomason75@comcast.net,Female,247.251.205.60
259,Kristel,Lavielle,klavielle76@symantec.com,Female,27.44.7.200
260,Olivier,Riha,oriha77@is.gd,Male,199.202.63.76
261,Earl,Beeck,ebeeck78@twitpic.com,Bigender,36.230.189.203
262,Ursula,Ebbetts,uebbetts79@goo.gl,Female,155.7.206.23
263,Madelyn,Rissen,mrissen7a@weather.com,Female,252.211.174.255
264,Jaimie,Heaney`,jheaney7b@nbcnews.com,Male,123.50.77.18
265,Morgen,Henkens,mhenkens7c@about.me,Male,136.140.248.71
266,Daisi,Harkins,dharkins7d@xinhuanet.com,Female,36.133.29.29
267,Port,Capitano,pcapitano7e@tripod.com,Male,41.4.200.180
268,Solomon,Abramino,sabramino7f@csmonitor.com,Male,171.32.140.127
269,Christian,Stapford,cstapford7g@ovh.net,Male,219.13.73.30
270,Korey,Lockhart,klockhart7h@about.com,Male,108.145.223.56
271,Lin,Holtham,lholtham7i@flickr.com,Male,50.135.52.109
272,Amabelle,Banaszewski,abanaszewski7j@wired.com,Female,155.100.202.249
273,Claudell,Pesselt,cpesselt7k@delicious.com,Male,249.75.146.219
274,Roobbie,Stainbridge,rstainbridge7l@theguardian.com,Female,123.237.13.68
275,Eddie,Habbal,ehabbal7m@deliciousdays.com,Male,114.6.35.184
276,Maximo,Bendan,mbendan7n@apache.org,Male,34.13.26.138
277,Bennie,Brane,bbrane7o@flavors.me,Male,182.16.27.193
278,Leone,Werny,lwerny7p@zimbio.com,Polygender,75.145.34.187
279,Cthrine,Goman,cgoman7q@phpbb.com,Female,235.132.90.202
280,Rogerio,Buglass,rbuglass7r@etsy.com,Male,148.174.139.27
281,Gilbertina,Kerwen,gkerwen7s@si.edu,Female,65.107.118.229
282,Wakefield,Dyke,wdyke7t@prlog.org,Male,56.160.39.203
283,Aguste,Wallbrook,awallbrook7u@netvibes.com,Male,242.61.8.162
284,Lexis,O'Henecan,lohenecan7v@utexas.edu,Female,58.40.40.92
285,Franklyn,Kleinsinger,fkleinsinger7w@is.gd,Male,1.82.135.87
286,Dosi,Loughran,dloughran7x@bizjournals.com,Female,1.121.156.19
287,Davon,Fidock,dfidock7y@hatena.ne.jp,Male,99.187.243.46
288,Elnore,Motto,emotto7z@reverbnation.com,Female,93.137.55.227
289,Kelly,Corneljes,kcorneljes80@drupal.org,Female,254.64.60.23
290,Austina,Bidwell,abidwell81@craigslist.org,Female,239.171.59.141
291,Patrice,Lorrain,plorrain82@sina.com.cn,Female,159.125.22.199
292,Brose,MacChaell,bmacchaell83@forbes.com,Male,127.183.205.86
293,Janetta,Bonett,jbonett84@businessweek.com,Female,142.167.138.94
294,Wynn,Danilishin,wdanilishin85@printfriendly.com,Male,146.9.127.69
295,Pascale,Medcraft,pmedcraft86@usnews.com,Male,30.252.105.227
296,Christa,Print,cprint87@abc.net.au,Genderqueer,128.78.154.229
297,Audy,Efford,aefford88@yale.edu,Female,154.157.20.251
298,Cordey,Paolinelli,cpaolinelli89@oakley.com,Female,55.110.183.154
299,Aeriel,Senechell,asenechell8a@jiathis.com,Female,56.30.30.235
300,Willi,Pettman,wpettman8b@dot.gov,Female,85.156.1.167
301,Gorden,Downton,gdownton8c@yellowpages.com,Male,230.196.118.255
302,Karlee,Wesker,kwesker8d@bing.com,Polygender,132.201.24.105
303,Sayres,Paskell,spaskell8e@jalbum.net,Male,206.66.184.40
304,Layney,Loges,lloges8f@flavors.me,Female,121.66.7.61
305,Lib,Lapley,llapley8g@rambler.ru,Female,1.103.34.35
306,Ivor,Checchetelli,ichecchetelli8h@163.com,Male,144.29.61.225
307,Bradford,Hydes,bhydes8i@geocities.jp,Male,122.79.13.147
308,Brucie,Pellamont,bpellamont8j@foxnews.com,Male,60.145.17.28
309,Jedidiah,Deeney,jdeeney8k@weibo.com,Male,117.130.218.112
310,Gunther,Prall,gprall8l@dmoz.org,Male,157.140.23.190
311,Hillery,Marcinkus,hmarcinkus8m@opensource.org,Male,102.150.40.124
312,Calypso,Teare,cteare8n@t.co,Female,38.227.23.214
313,Mei,Josephoff,mjosephoff8o@dot.gov,Female,56.221.226.72
314,Barnaby,Jaslem,bjaslem8p@plala.or.jp,Male,255.205.113.55
315,Filberte,Kegan,fkegan8q@harvard.edu,Male,205.109.190.137
316,Marlon,Kynsey,mkynsey8r@domainmarket.com,Male,239.66.121.44
317,Nikolaus,Brimman,nbrimman8s@yahoo.co.jp,Male,61.131.219.253
318,Mohandis,Leversha,mleversha8t@ftc.gov,Male,51.99.81.209
319,Elwyn,Forsdyke,eforsdyke8u@is.gd,Male,188.233.78.65
320,Terencio,Haddinton,thaddinton8v@barnesandnoble.com,Male,72.19.107.127
321,Murvyn,Durrant,mdurrant8w@lulu.com,Male,172.11.165.119
322,Leontyne,Duddy,lduddy8x@sakura.ne.jp,Female,109.213.147.149
323,Morgun,Gerwood,mgerwood8y@dedecms.com,Male,26.110.8.8
324,Lars,Blakden,lblakden8z@guardian.co.uk,Male,208.220.32.197
325,Dalston,Geator,dgeator90@joomla.org,Male,9.250.18.38
326,Rafael,Bankhurst,rbankhurst91@163.com,Male,100.3.32.237
327,Petronella,Spavins,pspavins92@independent.co.uk,Non-binary,181.18.46.33
328,Moe,Blakesley,mblakesley93@timesonline.co.uk,Male,77.170.178.153
329,Ester,Ropking,eropking94@dot.gov,Agender,233.232.242.38
330,Elfie,Lyngsted,elyngsted95@sciencedaily.com,Female,76.244.119.71
331,Elke,Gotliffe,egotliffe96@exblog.jp,Female,155.39.112.239
332,Valentino,Sertin,vsertin97@msu.edu,Male,220.244.39.89
333,Nerta,Bucksey,nbucksey98@home.pl,Female,16.107.145.135
334,Eunice,Jewers,ejewers99@va.gov,Female,93.238.241.191
335,Zacherie,Deeble,zdeeble9a@imdb.com,Male,207.61.165.53
336,Mordy,Sandyford,msandyford9b@samsung.com,Male,93.163.169.88
337,Hyman,Pattillo,hpattillo9c@xinhuanet.com,Male,78.43.59.165
338,Joan,Trumper,jtrumper9d@slashdot.org,Bigender,138.9.112.231
339,Aldus,Stannett,astannett9e@ed.gov,Male,79.112.42.105
340,Barbara,Entwistle,bentwistle9f@topsy.com,Female,77.11.130.86
341,Flint,McKennan,fmckennan9g@1und1.de,Male,156.183.107.69
342,Clarabelle,Stanmore,cstanmore9h@xing.com,Female,19.145.209.152
343,Stanislaw,Cabble,scabble9i@nps.gov,Male,47.95.115.251
344,Marjie,Soldan,msoldan9j@answers.com,Female,136.203.157.247
345,Chane,Kobsch,ckobsch9k@berkeley.edu,Male,149.28.12.222
346,Jarad,Rubbens,jrubbens9l@unesco.org,Male,133.249.134.173
347,Sher,Common,scommon9m@flickr.com,Female,253.70.64.28
348,Lydie,Tompion,ltompion9n@hc360.com,Female,42.170.133.208
349,Biddy,Janoch,bjanoch9o@vinaora.com,Female,143.27.30.101
350,Wilhelm,Titcumb,wtitcumb9p@wired.com,Male,191.63.145.110
351,Genevieve,Spores,gspores9q@etsy.com,Female,224.69.168.25
352,Lonnard,Dursley,ldursley9r@si.edu,Male,179.97.2.183
353,Maurizio,Kenway,mkenway9s@discovery.com,Male,173.221.55.93
354,Thorndike,Murrhaupt,tmurrhaupt9t@bbc.co.uk,Male,153.239.244.6
355,Glynis,McCreery,gmccreery9u@illinois.edu,Female,36.58.224.144
356,Nicolais,Druhan,ndruhan9v@wiley.com,Male,194.95.82.180
357,Andriette,Shulver,ashulver9w@jigsy.com,Female,80.233.156.188
358,Moe,Duligal,mduligal9x@is.gd,Male,14.250.142.95
359,Cassandre,Brouard,cbrouard9y@wunderground.com,Female,76.201.12.78
360,Clifford,Seddon,cseddon9z@cmu.edu,Male,153.40.27.57
361,Angela,Hinsche,ahinschea0@netscape.com,Female,176.89.232.49
362,Glynda,Livingstone,glivingstonea1@sun.com,Female,211.47.22.124
363,Daron,Shillom,dshilloma2@oaic.gov.au,Female,36.105.87.32
364,Gordon,Abramchik,gabramchika3@foxnews.com,Polygender,201.203.146.244
365,Eulalie,Warwicker,ewarwickera4@hugedomains.com,Female,66.189.132.131
366,Florri,Oakenfull,foakenfulla5@soundcloud.com,Female,149.162.10.69
367,Veronica,Steuhlmeyer,vsteuhlmeyera6@360.cn,Female,197.91.190.86
368,Boris,Cocker,bcockera7@berkeley.edu,Male,77.90.121.193
369,Goran,Denness,gdennessa8@reverbnation.com,Male,12.2.203.64
370,Edsel,Few,efewa9@columbia.edu,Male,28.197.77.41
371,Melitta,Le Surf,mlesurfaa@comsenz.com,Female,196.149.2.209
372,Shermie,Andreucci,sandreucciab@cbslocal.com,Male,226.182.149.107
373,Biddie,Stuckow,bstuckowac@blogger.com,Female,38.58.82.19
374,Laurent,Gelardi,lgelardiad@newyorker.com,Male,47.67.162.151
375,Carlotta,Pillifant,cpillifantae@instagram.com,Female,175.224.219.222
376,Valentia,Ruslin,vruslinaf@auda.org.au,Female,16.8.55.231
377,Brinna,Hamill,bhamillag@vk.com,Female,42.184.184.210
378,Karlis,Dearl,kdearlah@dropbox.com,Male,129.142.224.123
379,Blinni,O'Cleary,boclearyai@woothemes.com,Non-binary,78.8.199.47
380,Guthry,Mackney,gmackneyaj@blog.com,Male,188.174.153.23
381,Zebadiah,Cicchelli,zcicchelliak@surveymonkey.com,Male,95.22.251.2
382,Kinnie,Mildenhall,kmildenhallal@simplemachines.org,Male,128.110.200.242
383,Lorie,Livens,llivensam@bluehost.com,Female,52.35.119.83
384,Liam,Segrave,lsegravean@instagram.com,Genderfluid,7.103.20.231
385,Brannon,Quinnelly,bquinnellyao@theguardian.com,Male,74.65.53.250
386,Waly,Shaughnessy,wshaughnessyap@desdev.cn,Female,236.39.77.122
387,Hazel,Scrane,hscraneaq@cbsnews.com,Female,220.119.230.124
388,Liane,Robus,lrobusar@techcrunch.com,Female,25.86.101.170
389,Harley,Cater,hcateras@hexun.com,Male,6.23.20.42
390,Vonny,Blaise,vblaiseat@slideshare.net,Genderqueer,189.48.37.145
391,Emogene,Pettisall,epettisallau@china.com.cn,Female,98.135.65.166
392,Herrick,Cayley,hcayleyav@nsw.gov.au,Male,176.1.224.49
393,Virgie,Haydn,vhaydnaw@princeton.edu,Male,67.149.71.134
394,Marco,Dehn,mdehnax@csmonitor.com,Male,75.67.60.161
395,Arabela,Pesek,apesekay@tinyurl.com,Female,197.182.182.99
396,Edin,Duchesne,educhesneaz@toplist.cz,Female,83.111.251.83
397,Lonni,Headland,lheadlandb0@digg.com,Female,117.153.198.12
398,Rossie,Philcott,rphilcottb1@bravesites.com,Male,62.155.93.182
399,Sophronia,O'Fallone,sofalloneb2@buzzfeed.com,Female,213.124.95.153
400,Milt,Catterson,mcattersonb3@apple.com,Male,229.214.111.9
401,Nappie,Cordobes,ncordobesb4@youtu.be,Male,229.177.134.157
402,Fan,Carneck,fcarneckb5@infoseek.co.jp,Female,50.178.144.209
403,Simon,Popley,spopleyb6@bbb.org,Male,89.128.1.144
404,Rodrique,Titterton,rtittertonb7@cam.ac.uk,Male,241.34.20.243
405,Flinn,Smaile,fsmaileb8@aboutads.info,Male,103.167.4.161
406,Gertrude,Chadburn,gchadburnb9@noaa.gov,Female,49.156.113.181
407,Marys,Devitt,mdevittba@wiley.com,Female,205.74.218.170
408,Worth,Sproat,wsproatbb@webeden.co.uk,Male,244.107.80.24
409,Danella,Hofton,dhoftonbc@europa.eu,Female,130.126.129.212
410,Lionel,Marlen,lmarlenbd@fotki.com,Male,126.7.5.208
411,Laina,Fleming,lflemingbe@oakley.com,Female,8.186.79.180
412,Dael,Kilmartin,dkilmartinbf@mlb.com,Male,190.98.69.208
413,Karel,Raspin,kraspinbg@unicef.org,Female,141.62.245.43
414,Staford,Mottram,smottrambh@spiegel.de,Male,103.7.14.73
415,Erroll,Pennuzzi,epennuzzibi@shareasale.com,Male,22.18.109.54
416,Murray,Rollings,mrollingsbj@engadget.com,Male,172.61.229.196
417,Jeff,Tomaszewski,jtomaszewskibk@list-manage.com,Male,88.69.57.11
418,Paola,Mansion,pmansionbl@hugedomains.com,Female,226.86.102.195
419,Geoffrey,Leech,gleechbm@imageshack.us,Male,67.80.60.105
420,Jonis,Lambkin,jlambkinbn@about.me,Female,31.96.207.173
421,Bernardina,Lapenna,blapennabo@last.fm,Female,211.162.90.159
422,Richard,Laingmaid,rlaingmaidbp@amazon.com,Male,232.15.131.126
423,Madel,Lamputt,mlamputtbq@google.nl,Female,161.31.186.226
424,Tedi,Cahan,tcahanbr@pcworld.com,Female,109.97.167.97
425,Arny,Bullimore,abullimorebs@yolasite.com,Non-binary,87.248.27.23
426,Ronny,Marshall,rmarshallbt@businessweek.com,Female,212.31.239.52
427,Gregoor,Inkpen,ginkpenbu@mapquest.com,Male,81.168.141.31
428,Jermaine,MacMearty,jmacmeartybv@webmd.com,Female,255.51.237.28
429,Marji,Mendez,mmendezbw@purevolume.com,Female,229.63.40.79
430,Antonius,Stoaks,astoaksbx@walmart.com,Male,194.70.50.162
431,Marybeth,Capner,mcapnerby@ask.com,Female,178.159.182.9
432,Tam,Kitchenham,tkitchenhambz@cpanel.net,Polygender,164.245.98.4
433,Adore,Gomar,agomarc0@weather.com,Female,198.105.252.73
434,Corny,Emmanuel,cemmanuelc1@marriott.com,Male,172.92.68.37
435,Albert,Ogg,aoggc2@admin.ch,Genderfluid,109.37.133.2
436,Saunderson,Richardes,srichardesc3@redcross.org,Male,15.118.107.53
437,Roch,Szymonowicz,rszymonowiczc4@yale.edu,Female,87.80.235.159
438,Thadeus,Warlton,twarltonc5@xinhuanet.com,Male,167.242.115.164
439,Ardeen,Rosellini,arosellinic6@forbes.com,Female,37.90.142.164
440,Fredericka,Isenor,fisenorc7@unblog.fr,Female,196.174.110.95
441,Cammy,Rudgley,crudgleyc8@imageshack.us,Female,208.44.141.133
442,Etti,Guyonnet,eguyonnetc9@istockphoto.com,Female,164.234.84.168
443,Wolfy,Chessun,wchessunca@elpais.com,Male,225.194.97.208
444,Rachel,Tomczak,rtomczakcb@hao123.com,Female,7.253.135.251
445,Josselyn,Kineton,jkinetoncc@g.co,Female,44.91.178.146
446,Rubi,Kienl,rkienlcd@51.la,Female,130.27.145.72
447,Alexia,Doudny,adoudnyce@google.pl,Female,228.244.63.216
448,Shea,Latan,slatancf@wikimedia.org,Female,91.79.78.6
449,Maxie,Methingam,mmethingamcg@live.com,Male,9.166.20.164
450,Stephie,Blaxall,sblaxallch@wufoo.com,Female,127.164.84.197
451,Reiko,Huntly,rhuntlyci@fastcompany.com,Female,164.47.198.160
452,Dulcine,Kiely,dkielycj@imgur.com,Female,255.186.144.212
453,Andrus,Scarffe,ascarffeck@si.edu,Male,224.77.170.153
454,Steffane,Ivic,siviccl@dyndns.org,Female,47.6.207.139
455,Tonie,Scholtis,tscholtiscm@admin.ch,Bigender,214.230.73.146
456,Roderick,Charsley,rcharsleycn@dyndns.org,Male,208.229.255.63
457,Tess,Matherson,tmathersonco@discuz.net,Female,203.37.123.193
458,Elsi,Simonel,esimonelcp@reverbnation.com,Female,50.163.160.233
459,Arne,West,awestcq@smh.com.au,Male,240.14.83.20
460,Donal,Esilmon,desilmoncr@imgur.com,Male,78.220.12.46
461,Valery,Strood,vstroodcs@pbs.org,Female,213.187.37.23
462,Catharina,Cremen,ccremenct@miibeian.gov.cn,Female,238.127.51.29
463,Erik,Yewen,eyewencu@jigsy.com,Male,117.183.129.56
464,Melody,Mazzilli,mmazzillicv@tamu.edu,Female,53.58.188.55
465,Geoff,Gildersleeve,ggildersleevecw@geocities.com,Male,185.182.102.113
466,Avie,Bysshe,abysshecx@theglobeandmail.com,Female,126.3.222.14
467,Rosamond,Goaks,rgoakscy@behance.net,Female,107.74.47.100
468,Giacobo,Hanway,ghanwaycz@cam.ac.uk,Male,181.189.200.142
469,Kasey,Fritzer,kfritzerd0@cam.ac.uk,Female,157.213.197.178
470,Mohammed,Mateja,mmatejad1@mashable.com,Male,95.235.235.60
471,Shirline,Ghidini,sghidinid2@bluehost.com,Female,88.7.90.161
472,Flin,Androsik,fandrosikd3@hp.com,Male,201.109.167.204
473,Raina,Bartoloma,rbartolomad4@opera.com,Female,206.197.116.33
474,Sayre,Lycett,slycettd5@ameblo.jp,Genderqueer,90.22.230.182
475,Sonnnie,Lie,slied6@hibu.com,Female,120.211.226.180
476,Buckie,Bonham,bbonhamd7@alibaba.com,Male,102.3.3.53
477,Romeo,Hattoe,rhattoed8@washingtonpost.com,Male,250.84.81.132
478,Olivia,Drysdale,odrysdaled9@cyberchimps.com,Female,169.0.54.100
479,Dayna,Wickling,dwicklingda@about.me,Female,184.85.34.48
480,Krishnah,World,kworlddb@about.com,Male,116.142.63.59
481,Marc,Pettingall,mpettingalldc@cafepress.com,Male,137.181.225.50
482,Camile,McGreal,cmcgrealdd@blogtalkradio.com,Female,126.162.101.234
483,Babs,Pinkie,bpinkiede@oakley.com,Female,132.194.76.103
484,Jessika,Nibley,jnibleydf@arstechnica.com,Female,96.49.175.117
485,Barbaraanne,Swalowe,bswalowedg@slashdot.org,Female,85.101.47.182
486,Chiarra,D'eath,cdeathdh@hud.gov,Female,219.119.65.27
487,Dolley,Edmead,dedmeaddi@google.pl,Female,11.28.158.201
488,Kristoffer,Hunnicutt,khunnicuttdj@rambler.ru,Male,155.152.17.19
489,Joseito,Flannery,jflannerydk@hugedomains.com,Male,94.203.68.30
490,Brockie,Blanque,bblanquedl@whitehouse.gov,Male,171.227.238.11
491,Sallie,Goldsmith,sgoldsmithdm@google.es,Female,108.122.88.122
492,Linc,Shirley,lshirleydn@businessinsider.com,Male,134.201.201.218
493,Sonya,Hearsum,shearsumdo@unesco.org,Female,24.48.42.178
494,Olav,Verdie,overdiedp@fda.gov,Male,118.24.217.133
495,Paxton,Macklin,pmacklindq@infoseek.co.jp,Male,20.14.135.107
496,Dionisio,Stronough,dstronoughdr@hatena.ne.jp,Male,166.37.44.187
497,Ferdinand,Levet,flevetds@123-reg.co.uk,Male,134.228.249.8
498,Amalita,Tryhorn,atryhorndt@surveymonkey.com,Female,9.255.176.50
499,Dela,Willmont,dwillmontdu@hugedomains.com,Female,228.179.212.65
500,Logan,Lethley,llethleydv@bravesites.com,Male,49.231.114.139
501,Cosetta,Inker,cinkerdw@linkedin.com,Female,14.246.210.2
502,Fairlie,Biagi,fbiagidx@weibo.com,Male,56.190.233.92
503,Friedrick,Heel,fheeldy@thetimes.co.uk,Male,180.153.130.26
504,Fredrika,Chrippes,fchrippesdz@techcrunch.com,Female,145.21.52.122
505,Opalina,Bramah,obramahe0@youku.com,Female,126.191.167.45
506,Jessee,Tripon,jtripone1@nydailynews.com,Male,201.112.207.246
507,Alleyn,Linny,alinnye2@ebay.com,Male,72.87.235.179
508,Any,Saywood,asaywoode3@reuters.com,Bigender,0.252.146.114
509,Ally,Polglase,apolglasee4@tinyurl.com,Female,86.151.237.80
510,Bunni,Reinhard,breinharde5@ocn.ne.jp,Female,224.248.48.46
511,Dredi,Pashler,dpashlere6@earthlink.net,Female,41.135.211.222
512,Rorke,Soff,rsoffe7@theatlantic.com,Male,99.102.221.207
513,Raf,Clandillon,rclandillone8@barnesandnoble.com,Female,5.250.82.49
514,Chrisse,Stuffins,cstuffinse9@blinklist.com,Male,41.199.221.106
515,Atalanta,Soulsby,asoulsbyea@prlog.org,Female,71.35.9.161
516,Alejandro,Rhelton,arheltoneb@dailymotion.com,Male,123.253.4.12
517,Hana,Tydeman,htydemanec@indiegogo.com,Female,64.239.101.200
518,Celie,Cassidy,ccassidyed@yahoo.co.jp,Female,207.203.75.46
519,Yettie,Riglar,yriglaree@theguardian.com,Female,213.120.110.15
520,Yurik,Letrange,yletrangeef@icio.us,Male,79.69.194.3
521,Dorolisa,Quaif,dquaifeg@ezinearticles.com,Genderqueer,27.67.75.220
522,Shae,Amberger,sambergereh@japanpost.jp,Male,180.68.161.66
523,Joscelin,Kentish,jkentishei@over-blog.com,Polygender,62.3.88.111
524,Giavani,Clarke,gclarkeej@blinklist.com,Male,117.167.64.40
525,Roslyn,Yantsev,ryantsevek@intel.com,Female,157.218.218.2
526,Stephannie,Retchford,sretchfordel@furl.net,Female,98.66.151.38
527,Inness,Yakuntzov,iyakuntzovem@usgs.gov,Male,200.206.210.1
528,Ruprecht,Gutman,rgutmanen@walmart.com,Male,99.12.155.164
529,Caresa,Aingell,caingelleo@cisco.com,Female,20.60.127.175
530,Rubin,Povlsen,rpovlsenep@ebay.com,Male,60.8.112.176
531,Leeann,Haygreen,lhaygreeneq@dropbox.com,Female,197.86.121.64
532,Thedric,Shortland,tshortlander@hud.gov,Polygender,151.221.204.1
533,Lani,Pitblado,lpitbladoes@deliciousdays.com,Female,240.36.48.158
534,Goddart,Brave,gbraveet@guardian.co.uk,Male,202.48.199.5
535,Brigitte,Harrop,bharropeu@imgur.com,Female,31.55.207.95
536,Marilee,Dawby,mdawbyev@hugedomains.com,Female,145.202.12.134
537,Trudy,Freezor,tfreezorew@geocities.com,Female,153.142.89.118
538,Samara,Cleever,scleeverex@artisteer.com,Female,49.28.18.120
539,Bili,Yashunin,byashuniney@youtu.be,Polygender,80.153.62.178
540,Gian,Varnals,gvarnalsez@mapquest.com,Male,44.111.246.215
541,Lurleen,McIlvenna,lmcilvennaf0@wp.com,Female,111.134.25.210
542,Tildy,Harbord,tharbordf1@globo.com,Female,150.109.58.72
543,Reuven,Abbes,rabbesf2@tumblr.com,Male,139.24.188.36
544,Loren,Suttie,lsuttief3@eepurl.com,Female,61.180.21.55
545,Gardener,Mounfield,gmounfieldf4@tinypic.com,Genderfluid,147.192.156.62
546,Leora,Bollum,lbollumf5@soup.io,Female,164.244.222.157
547,Micah,Janacek,mjanacekf6@psu.edu,Male,57.167.161.224
548,Gwennie,Itzkowicz,gitzkowiczf7@ezinearticles.com,Female,6.219.208.248
549,Merrick,Redwin,mredwinf8@nba.com,Male,233.94.136.169
550,Arabele,Dreinan,adreinanf9@dagondesign.com,Female,123.65.78.59
551,Norene,Trippett,ntrippettfa@bbb.org,Female,53.104.74.215
552,Pearline,Garnam,pgarnamfb@nyu.edu,Female,47.144.182.65
553,Halsey,Stainson,hstainsonfc@rambler.ru,Male,99.0.175.36
554,Herta,Talton,htaltonfd@ocn.ne.jp,Female,145.71.0.38
555,Rickert,Bauldry,rbauldryfe@digg.com,Male,89.116.193.193
556,Shandra,Laity,slaityff@guardian.co.uk,Female,158.70.155.144
557,Bunnie,Tuberfield,btuberfieldfg@biblegateway.com,Female,147.61.177.54
558,Melonie,Thurley,mthurleyfh@cyberchimps.com,Female,142.216.239.62
559,Adrianna,Gribbin,agribbinfi@netscape.com,Female,190.59.2.177
560,Sibyl,Gilleson,sgillesonfj@sourceforge.net,Male,34.9.250.209
561,Yuma,Leggett,yleggettfk@tinypic.com,Male,21.80.145.252
562,Cissy,Everleigh,ceverleighfl@delicious.com,Female,250.229.72.79
563,Merry,Privost,mprivostfm@cnet.com,Female,229.31.198.255
564,Jorge,Lapley,jlapleyfn@jimdo.com,Male,139.218.132.11
565,Jeanine,Krollman,jkrollmanfo@admin.ch,Female,43.221.59.232
566,Thorsten,Yoakley,tyoakleyfp@ibm.com,Male,55.32.171.82
567,Biddy,Cuvley,bcuvleyfq@mail.ru,Female,178.30.145.180
568,Camila,Okenden,cokendenfr@t.co,Female,127.146.15.220
569,Thia,Gilbey,tgilbeyfs@gov.uk,Female,67.132.55.183
570,Jorge,Lis,jlisft@wsj.com,Male,123.89.252.157
571,Franny,Sueter,fsueterfu@weibo.com,Male,186.172.241.56
572,Waldemar,Brute,wbrutefv@photobucket.com,Male,83.56.254.59
573,Marysa,Sunners,msunnersfw@amazon.co.jp,Female,202.27.53.207
574,Bruis,Rioch,briochfx@cisco.com,Male,31.106.90.219
575,Eran,Southouse,esouthousefy@springer.com,Female,154.161.167.206
576,Felipa,Stollard,fstollardfz@sun.com,Female,78.247.85.87
577,Hogan,Davidowsky,hdavidowskyg0@usa.gov,Male,103.191.188.186
578,Ethelin,Giacaponi,egiacaponig1@hao123.com,Female,47.133.27.117
579,Josephina,Moyles,jmoylesg2@trellian.com,Female,47.154.251.25
580,Leonie,Van der Beek,lvanderbeekg3@tripadvisor.com,Female,155.197.68.177
581,Donelle,Roze,drozeg4@bbc.co.uk,Genderqueer,218.127.135.17
582,Jules,Worsley,jworsleyg5@ted.com,Male,217.206.22.2
583,Josefina,Corkel,jcorkelg6@latimes.com,Non-binary,156.48.220.115
584,Timmie,Emblow,temblowg7@newyorker.com,Female,37.239.99.94
585,Binky,Bushel,bbushelg8@huffingtonpost.com,Male,9.41.109.0
586,Web,Wiffill,wwiffillg9@wunderground.com,Male,56.198.14.115
587,Elonore,Swigg,eswiggga@constantcontact.com,Female,5.17.72.101
588,Rudyard,Eickhoff,reickhoffgb@live.com,Male,248.139.5.223
589,Bennie,Mc Meekan,bmcmeekangc@businessweek.com,Male,180.155.158.254
590,Benoit,Gildea,bgildeagd@census.gov,Male,15.143.129.218
591,Bartholomew,Sells,bsellsge@shareasale.com,Male,195.8.131.138
592,Chaunce,Goodwin,cgoodwingf@intel.com,Male,136.137.7.213
593,Albertine,Naisbitt,anaisbittgg@unc.edu,Female,23.91.62.175
594,Winfred,Burgen,wburgengh@fema.gov,Male,69.165.6.121
595,Lilla,Start,lstartgi@livejournal.com,Female,90.155.118.169
596,Shadow,Coghlin,scoghlingj@google.ca,Male,102.101.21.10
597,Yevette,Chinnock,ychinnockgk@apple.com,Female,118.95.155.177
598,Hobie,Kilminster,hkilminstergl@reverbnation.com,Male,127.9.212.33
599,Byrann,Frane,bfranegm@europa.eu,Male,113.187.170.19
600,Tallulah,Reucastle,treucastlegn@theglobeandmail.com,Female,244.127.87.155
601,Scarlet,Bachman,sbachmango@amazon.com,Female,50.6.212.70
602,Sheppard,Finley,sfinleygp@free.fr,Male,127.180.187.206
603,Adara,Milan,amilangq@i2i.jp,Genderqueer,220.9.236.171
604,Tanhya,Roubottom,troubottomgr@un.org,Female,36.230.48.54
605,Yovonnda,Full,yfullgs@stanford.edu,Female,21.79.82.49
606,Linea,Shaylor,lshaylorgt@dell.com,Female,187.208.204.221
607,Dieter,Dudin,ddudingu@ucla.edu,Male,102.118.53.204
608,Justine,Hinkins,jhinkinsgv@360.cn,Genderqueer,143.174.203.84
609,Arthur,Taig,ataiggw@jigsy.com,Male,221.87.142.248
610,Renaud,Dilawey,rdilaweygx@twitpic.com,Male,159.188.17.48
611,Retha,Bazoche,rbazochegy@ustream.tv,Female,198.202.6.235
612,Irwinn,Cockerell,icockerellgz@livejournal.com,Male,220.78.54.223
613,Conny,Siebert,csieberth0@dot.gov,Male,146.152.183.84
614,Thedrick,McDavid,tmcdavidh1@cdbaby.com,Male,98.182.171.11
615,Pierce,Wardroper,pwardroperh2@blogspot.com,Male,145.10.172.142
616,Maxim,Camelia,mcameliah3@rakuten.co.jp,Male,64.155.26.214
617,Standford,Tonn,stonnh4@nih.gov,Male,188.30.180.69
618,Ethelin,Sturton,esturtonh5@ox.ac.uk,Female,6.219.232.164
619,Mercie,Franciottoi,mfranciottoih6@imageshack.us,Female,22.94.165.113
620,Flint,Hanhard,fhanhardh7@dmoz.org,Male,173.245.203.86
621,Tuesday,Tonkinson,ttonkinsonh8@nhs.uk,Female,149.170.90.50
622,Kare,Benzies,kbenziesh9@nytimes.com,Female,154.132.204.13
623,Vanny,Tinton,vtintonha@ucoz.com,Agender,176.58.157.173
624,Amii,Foale,afoalehb@washington.edu,Female,164.158.40.255
625,Deane,Kermitt,dkermitthc@webnode.com,Male,210.131.216.88
626,Finlay,Guerrazzi,fguerrazzihd@go.com,Agender,166.60.200.48
627,Rossie,Sondon,rsondonhe@photobucket.com,Male,187.253.88.44
628,Mathilda,Patriche,mpatrichehf@cnn.com,Bigender,27.170.66.198
629,Stanford,Dumbarton,sdumbartonhg@livejournal.com,Male,175.73.170.90
630,Noelani,Hugli,nhuglihh@un.org,Female,255.145.43.114
631,Miguel,Leeson,mleesonhi@desdev.cn,Male,254.128.14.213
632,Claudelle,Orgel,corgelhj@yale.edu,Female,5.115.104.127
633,Dag,Douch,ddouchhk@wp.com,Male,133.99.62.179
634,Philip,Featherstonhalgh,pfeatherstonhalghhl@wordpress.com,Male,0.189.232.83
635,Sherman,Gillio,sgilliohm@statcounter.com,Male,36.148.182.240
636,Benetta,Duesberry,bduesberryhn@amazon.com,Bigender,210.226.190.226
637,Garey,Rablen,grablenho@ihg.com,Male,219.35.255.246
638,Gage,Bogges,gboggeshp@lycos.com,Male,248.53.243.189
639,Sonni,Martina,smartinahq@ameblo.jp,Female,123.54.194.214
640,Lorette,Strettell,lstrettellhr@printfriendly.com,Female,52.158.249.192
641,Rayna,Babbe,rbabbehs@mediafire.com,Female,64.94.175.38
642,Edgardo,Lukock,elukockht@plala.or.jp,Male,129.25.65.6
643,Hewe,Loach,hloachhu@issuu.com,Male,241.6.201.129
644,Maurizio,Carnelley,mcarnelleyhv@naver.com,Male,201.146.208.232
645,Germana,Gabbatt,ggabbatthw@noaa.gov,Female,28.109.18.137
646,Sarge,Tournay,stournayhx@sbwire.com,Male,68.43.107.174
647,Lek,Beedie,lbeediehy@ask.com,Male,68.100.241.200
648,Sauncho,Manoelli,smanoellihz@google.com,Male,133.40.153.202
649,Gill,Deam,gdeami0@hao123.com,Male,128.26.185.66
650,Flo,Sneddon,fsneddoni1@businessweek.com,Female,203.190.104.229
651,Magdaia,Winchcum,mwinchcumi2@webmd.com,Female,27.122.66.85
652,Patty,Brennenstuhl,pbrennenstuhli3@who.int,Male,215.211.126.41
653,Pip,Giral,pgirali4@gov.uk,Bigender,90.33.249.221
654,Huntley,Christofol,hchristofoli5@amazon.co.uk,Male,13.190.245.38
655,Jaynell,Siddle,jsiddlei6@ustream.tv,Bigender,54.64.68.144
656,Tomkin,Drinnan,tdrinnani7@vinaora.com,Male,205.159.121.150
657,Ardisj,Gathercoal,agathercoali8@hp.com,Female,130.83.195.13
658,Marjorie,Spollen,mspolleni9@cpanel.net,Female,55.65.80.144
659,Dirk,Epsley,depsleyia@bbb.org,Male,174.182.137.172
660,Heinrik,Ivashnikov,hivashnikovib@nhs.uk,Male,188.13.39.133
661,Andy,Beany,abeanyic@infoseek.co.jp,Male,154.166.23.62
662,Fredek,Highway,fhighwayid@mozilla.com,Male,102.14.20.112
663,Hillery,Dawidowsky,hdawidowskyie@mediafire.com,Male,226.35.21.15
664,Stephine,Cowherd,scowherdif@loc.gov,Female,2.93.17.220
665,Claire,Mattei,cmatteiig@adobe.com,Female,251.198.250.245
666,Berky,Shekle,bshekleih@discuz.net,Male,231.185.207.16
667,Billy,Mathwen,bmathwenii@nhs.uk,Genderfluid,241.177.196.213
668,Salli,Zorn,szornij@economist.com,Genderqueer,209.72.135.54
669,Tymon,Fitzsymon,tfitzsymonik@ihg.com,Male,98.95.76.44
670,Violette,Mannakee,vmannakeeil@facebook.com,Female,228.243.222.168
671,Davida,De Fries,ddefriesim@purevolume.com,Female,227.127.20.116
672,Buffy,Brafield,bbrafieldin@timesonline.co.uk,Female,73.20.17.38
673,Virgie,Coupe,vcoupeio@artisteer.com,Male,10.234.207.111
674,Tully,Tuckley,ttuckleyip@psu.edu,Male,211.175.252.161
675,Selma,Jakubski,sjakubskiiq@devhub.com,Female,111.30.106.202
676,Curt,Urian,curianir@state.gov,Male,185.43.90.98
677,Dennet,Duval,dduvalis@reddit.com,Male,51.82.12.30
678,Elysee,Scryne,escryneit@oracle.com,Female,111.201.170.18
679,Judi,McFarlane,jmcfarlaneiu@cloudflare.com,Female,104.68.163.142
680,Sally,Burchard,sburchardiv@ox.ac.uk,Female,17.221.242.232
681,Robinia,Stidworthy,rstidworthyiw@last.fm,Female,52.120.30.159
682,Amalee,Hutchence,ahutchenceix@accuweather.com,Female,223.110.33.29
683,Clarke,Burgane,cburganeiy@example.com,Male,78.193.133.253
684,Sherline,Orrett,sorrettiz@wp.com,Bigender,66.43.109.103
685,Greg,Pennigar,gpennigarj0@harvard.edu,Male,179.106.190.25
686,Corny,Pere,cperej1@hibu.com,Female,16.251.167.202
687,Andres,Kave,akavej2@paginegialle.it,Male,117.150.115.245
688,Janek,Souza,jsouzaj3@xrea.com,Male,254.252.35.174
689,Noami,Skittrell,nskittrellj4@yandex.ru,Female,166.52.221.32
690,Stafford,Thewys,sthewysj5@facebook.com,Male,67.121.21.93
691,Avictor,Guly,agulyj6@domainmarket.com,Male,27.241.69.36
692,Rob,Casero,rcaseroj7@nifty.com,Male,1.133.239.206
693,Jacquetta,Tills,jtillsj8@buzzfeed.com,Female,42.85.196.82
694,Fancy,Raynard,fraynardj9@ihg.com,Female,38.60.10.166
695,Ted,Terbruggen,tterbruggenja@vistaprint.com,Female,113.22.120.16
696,Regan,Swalough,rswaloughjb@artisteer.com,Female,235.53.134.136
697,Francois,Reyner,freynerjc@netscape.com,Polygender,238.94.230.171
698,Pace,Demschke,pdemschkejd@thetimes.co.uk,Male,222.207.100.231
699,Tessie,Sockell,tsockellje@etsy.com,Female,20.66.180.177
700,Cherianne,Brickner,cbricknerjf@shutterfly.com,Female,70.152.162.205
701,Rowen,Godthaab,rgodthaabjg@adobe.com,Male,19.216.135.106
702,Garfield,Charke,gcharkejh@behance.net,Male,85.7.125.151
703,Miguelita,Spurdle,mspurdleji@seattletimes.com,Female,188.104.77.212
704,Roxana,Issard,rissardjj@meetup.com,Female,1.88.159.179
705,Barbey,Bascomb,bbascombjk@issuu.com,Female,252.84.192.117
706,Dunn,Chattell,dchattelljl@bbb.org,Male,46.58.173.162
707,Teodoor,Denington,tdeningtonjm@arizona.edu,Male,170.174.168.208
708,Josephine,Dautry,jdautryjn@loc.gov,Female,102.239.180.16
709,Enrique,Newson,enewsonjo@umn.edu,Male,125.72.99.121
710,Cthrine,Dreschler,cdreschlerjp@nhs.uk,Female,90.132.151.196
711,Keenan,Pays,kpaysjq@marriott.com,Agender,238.147.213.0
712,Jakob,Dundredge,jdundredgejr@ehow.com,Male,58.43.101.18
713,Griffin,Bloom,gbloomjs@tinyurl.com,Male,215.77.151.186
714,Lizbeth,Drife,ldrifejt@about.me,Female,71.56.189.73
715,Danika,Jermy,djermyju@sphinn.com,Female,30.129.13.129
716,Freddie,Cullagh,fcullaghjv@geocities.jp,Male,56.33.119.50
717,Dana,Kitcatt,dkitcattjw@free.fr,Male,10.145.35.68
718,Pennie,Woolvett,pwoolvettjx@xrea.com,Female,134.120.30.165
719,Dane,Conelly,dconellyjy@state.tx.us,Male,175.125.98.130
720,Courtnay,Redman,credmanjz@discovery.com,Male,191.179.12.254
721,Lucie,Kennon,lkennonk0@flickr.com,Female,34.231.161.170
722,Trent,Dumbrall,tdumbrallk1@bravesites.com,Male,153.88.153.21
723,Briant,Pitkin,bpitkink2@goodreads.com,Male,179.242.152.215
724,Henry,Chastanet,hchastanetk3@sohu.com,Male,239.19.9.83
725,Monika,Martello,mmartellok4@accuweather.com,Female,235.154.42.227
726,Cherie,Henighan,chenighank5@illinois.edu,Female,3.44.245.138
727,Myranda,Lydiate,mlydiatek6@twitpic.com,Female,81.156.181.122
728,Lonnie,McGinnell,lmcginnellk7@seattletimes.com,Male,57.233.131.181
729,Jenny,Canete,jcanetek8@tinyurl.com,Female,64.181.105.116
730,Filberto,Franks,ffranksk9@hatena.ne.jp,Male,211.54.194.67
731,Genovera,Scrivener,gscrivenerka@utexas.edu,Female,128.187.125.83
732,Corinne,Portinari,cportinarikb@slashdot.org,Female,244.67.169.146
733,Damaris,Robilart,drobilartkc@surveymonkey.com,Non-binary,86.88.136.149
734,Shelley,Cirlos,scirloskd@jimdo.com,Agender,137.248.156.181
735,Sile,Jahn,sjahnke@admin.ch,Female,104.248.22.207
736,Chane,Selbie,cselbiekf@usa.gov,Male,251.199.20.171
737,Daloris,Meggison,dmeggisonkg@europa.eu,Female,176.194.161.244
738,Jay,Molloy,jmolloykh@rakuten.co.jp,Male,216.137.201.160
739,Hildegaard,Dougher,hdougherki@forbes.com,Female,181.172.19.211
740,Bertine,Muscott,bmuscottkj@rakuten.co.jp,Female,100.228.151.45
741,Staford,Perott,sperottkk@cbslocal.com,Male,213.62.59.11
742,Grissel,Doxsey,gdoxseykl@apache.org,Female,238.7.114.239
743,Brander,Beckworth,bbeckworthkm@diigo.com,Male,19.123.26.71
744,Cora,Stoffel,cstoffelkn@cam.ac.uk,Female,86.102.222.205
745,Tarrah,Allabush,tallabushko@cocolog-nifty.com,Female,34.209.133.202
746,Mose,Masdon,mmasdonkp@nbcnews.com,Polygender,4.78.13.80
747,Chucho,Bohje,cbohjekq@pen.io,Male,75.186.227.194
748,Lauryn,Seabon,lseabonkr@opera.com,Female,154.229.54.165
749,Lanette,Rist,lristks@over-blog.com,Female,188.204.36.172
750,Tami,Imlin,timlinkt@geocities.jp,Female,196.147.2.140
751,Elane,Coumbe,ecoumbeku@free.fr,Female,211.24.166.191
752,Emmey,Ayto,eaytokv@admin.ch,Female,164.80.109.203
753,Tallie,Corlett,tcorlettkw@wordpress.com,Male,34.178.2.33
754,Edi,Betjeman,ebetjemankx@sogou.com,Bigender,207.229.238.82
755,Elane,Swinburne,eswinburneky@nature.com,Female,42.97.65.250
756,Carolyne,Kobes,ckobeskz@imageshack.us,Female,41.255.186.249
757,Glenna,Fredi,gfredil0@people.com.cn,Female,122.153.46.48
758,Conrade,Adamides,cadamidesl1@opera.com,Male,243.82.242.89
759,Annamaria,Mannix,amannixl2@ustream.tv,Female,164.163.26.176
760,Adelheid,Aprahamian,aaprahamianl3@disqus.com,Female,195.128.29.182
761,Wandis,Danilevich,wdanilevichl4@meetup.com,Bigender,84.20.100.32
762,Peta,Mingus,pmingusl5@mapy.cz,Female,32.100.223.186
763,Corny,Merriday,cmerridayl6@google.com,Polygender,140.115.26.249
764,Gradeigh,McGeffen,gmcgeffenl7@epa.gov,Male,220.206.219.133
765,Arabella,Lambert-Ciorwyn,alambertciorwynl8@statcounter.com,Female,253.21.178.65
766,Grady,Bellwood,gbellwoodl9@clickbank.net,Male,84.149.178.225
767,Nessa,Kiefer,nkieferla@sphinn.com,Agender,253.190.140.54
768,Ermin,Maitland,emaitlandlb@elpais.com,Male,129.82.127.69
769,Talbert,Kilfeather,tkilfeatherlc@bizjournals.com,Male,238.174.58.229
770,Evan,Dionisi,edionisild@engadget.com,Male,243.44.147.176
771,Berton,Hardway,bhardwayle@hp.com,Male,12.88.138.72
772,Aleda,Kidby,akidbylf@ocn.ne.jp,Polygender,130.128.66.133
773,Charyl,Fawthorpe,cfawthorpelg@ustream.tv,Female,165.101.250.98
774,Jody,Zanni,jzannilh@oaic.gov.au,Female,182.155.204.181
775,Adham,Annatt,aannattli@foxnews.com,Non-binary,79.255.17.140
776,Tiena,Ebbins,tebbinslj@about.me,Female,116.103.49.48
777,Haley,Timpany,htimpanylk@tripod.com,Male,168.175.55.189
778,Norah,Morrish,nmorrishll@drupal.org,Female,168.242.44.123
779,Zed,Burless,zburlesslm@va.gov,Male,174.24.98.108
780,Cecilla,Ludwikiewicz,cludwikiewiczln@godaddy.com,Female,43.213.154.102
781,Emmye,Gurnay,egurnaylo@blog.com,Female,182.234.78.45
782,Monro,Oddie,moddielp@unc.edu,Male,28.16.210.21
783,Glenden,Hoodlass,ghoodlasslq@disqus.com,Male,115.64.55.240
784,Sapphira,Goold,sgooldlr@acquirethisname.com,Female,143.204.61.44
785,Obidiah,MacDonell,omacdonellls@posterous.com,Male,53.59.198.7
786,Ursala,Bilsford,ubilsfordlt@wsj.com,Female,237.133.115.82
787,Edita,Gammill,egammilllu@networkadvertising.org,Non-binary,2.177.160.173
788,Gav,Rowcastle,growcastlelv@infoseek.co.jp,Male,115.210.83.245
789,Delaney,Urry,durrylw@moonfruit.com,Male,89.116.47.58
790,Mersey,Pendry,mpendrylx@sakura.ne.jp,Female,9.33.248.247
791,Bess,Firmin,bfirminly@canalblog.com,Female,66.143.243.110
792,Min,Habden,mhabdenlz@who.int,Female,246.132.174.169
793,Aubrey,Trevenu,atrevenum0@smh.com.au,Female,155.135.69.109
794,Philipa,Balme,pbalmem1@google.cn,Female,254.113.93.227
795,Mellisa,Boxer,mboxerm2@marriott.com,Bigender,0.172.125.138
796,Lezlie,Mapis,lmapism3@biglobe.ne.jp,Female,3.47.60.94
797,Sandi,Spensley,sspensleym4@wp.com,Female,202.185.105.180
798,Franciska,Otteridge,fotteridgem5@bizjournals.com,Female,67.70.7.77
799,Grady,Poytheras,gpoytherasm6@toplist.cz,Male,220.168.145.165
800,Sonny,Fairlam,sfairlamm7@gnu.org,Male,187.51.206.89
801,Frederico,Cottham,fcotthamm8@state.tx.us,Genderqueer,225.229.6.4
802,Brewster,Todman,btodmanm9@yahoo.com,Male,188.139.48.148
803,Elliot,Leupold,eleupoldma@msu.edu,Non-binary,219.8.172.2
804,Walsh,O'Hartnett,wohartnettmb@adobe.com,Male,104.180.247.130
805,Chariot,Webb-Bowen,cwebbbowenmc@hibu.com,Male,46.164.245.145
806,Thia,Kettell,tkettellmd@hao123.com,Bigender,143.209.155.69
807,Sansone,Kordova,skordovame@google.de,Male,254.212.57.171
808,Krishnah,Tocknell,ktocknellmf@dedecms.com,Male,63.96.226.117
809,Ranee,Itscovitz,ritscovitzmg@so-net.ne.jp,Female,169.206.178.123
810,Prentice,Lawford,plawfordmh@soup.io,Male,96.55.251.4
811,Cyndy,Somerset,csomersetmi@flavors.me,Female,157.174.48.235
812,Pierson,Conybear,pconybearmj@walmart.com,Male,112.171.75.179
813,Perry,Huller,phullermk@google.co.jp,Female,206.212.226.107
814,Marietta,Lergan,mlerganml@google.es,Male,200.80.185.21
815,Sonnnie,Mushawe,smushawemm@scribd.com,Female,242.55.1.153
816,Dolf,Barrick,dbarrickmn@simplemachines.org,Male,46.215.225.202
817,Tobe,Yeandel,tyeandelmo@ask.com,Male,53.41.224.36
818,Concordia,Kobel,ckobelmp@webeden.co.uk,Female,83.122.41.145
819,Evelin,Semaine,esemainemq@cyberchimps.com,Male,124.177.14.239
820,Moshe,Morse,mmorsemr@xrea.com,Male,138.246.230.217
821,Ros,Stollwerck,rstollwerckms@unesco.org,Female,166.20.10.66
822,Brandie,Gulberg,bgulbergmt@webs.com,Non-binary,54.114.157.116
823,Gaspard,Harmston,gharmstonmu@devhub.com,Male,21.235.235.239
824,Sondra,Sirkett,ssirkettmv@gnu.org,Female,208.56.128.104
825,Rona,Ropartz,rropartzmw@ihg.com,Female,50.167.134.83
826,Luz,Pierson,lpiersonmx@phoca.cz,Female,45.70.47.184
827,Joana,GiacobbiniJacob,jgiacobbinijacobmy@free.fr,Female,41.93.24.161
828,Jinny,Spratling,jspratlingmz@vinaora.com,Female,247.8.197.29
829,Zach,Benallack,zbenallackn0@mapy.cz,Male,8.14.191.28
830,Esmaria,Moncur,emoncurn1@wordpress.com,Female,240.204.45.22
831,Graig,Meneely,gmeneelyn2@behance.net,Male,31.116.171.115
832,Gerek,Gofton,ggoftonn3@dailymotion.com,Male,221.29.76.56
833,Alley,McTrustie,amctrustien4@ameblo.jp,Male,129.165.195.190
834,Eldin,Klaesson,eklaessonn5@cdc.gov,Male,152.129.220.30
835,Neile,Bicker,nbickern6@canalblog.com,Female,131.150.172.57
836,Michel,Stuer,mstuern7@naver.com,Female,29.68.33.214
837,Rriocard,Annable,rannablen8@cyberchimps.com,Male,76.9.76.4
838,Linet,Epdell,lepdelln9@slashdot.org,Female,206.235.30.225
839,Melesa,Gowdy,mgowdyna@businessinsider.com,Genderfluid,244.251.253.41
840,Deina,Spurden,dspurdennb@deviantart.com,Female,215.116.133.55
841,Fidelio,Nystrom,fnystromnc@census.gov,Male,76.45.10.160
842,Gav,Cisson,gcissonnd@go.com,Male,46.118.24.206
843,Emalee,Atter,eatterne@goodreads.com,Female,219.174.207.176
844,Sayre,Blofield,sblofieldnf@baidu.com,Male,113.147.181.86
845,Carla,McCourt,cmccourtng@npr.org,Female,59.152.27.188
846,Zsazsa,Yakob,zyakobnh@fotki.com,Female,203.94.189.160
847,Patsy,Colebrook,pcolebrookni@linkedin.com,Male,129.78.122.109
848,Tiler,Elkins,telkinsnj@123-reg.co.uk,Male,77.238.29.238
849,Ab,Gascone,agasconenk@zdnet.com,Genderqueer,237.34.164.46
850,Micky,Birtchnell,mbirtchnellnl@youtube.com,Male,212.191.3.162
851,Barclay,Winch,bwinchnm@liveinternet.ru,Male,7.102.198.169
852,Gaby,Beyne,gbeynenn@twitpic.com,Female,76.24.15.24
853,Scotty,Abercrombie,sabercrombieno@berkeley.edu,Male,130.144.207.125
854,Ryun,Lope,rlopenp@etsy.com,Polygender,66.225.27.139
855,Levon,Paur,lpaurnq@freewebs.com,Male,125.255.141.18
856,Keriann,Fiske,kfiskenr@scientificamerican.com,Female,96.215.143.157
857,Aubrette,Hammer,ahammerns@sakura.ne.jp,Female,142.254.85.137
858,Curran,Bamfield,cbamfieldnt@latimes.com,Male,129.90.47.169
859,Joanie,Brechin,jbrechinnu@purevolume.com,Female,27.188.152.251
860,Upton,Llywarch,ullywarchnv@rediff.com,Male,153.112.17.67
861,Port,Alyutin,palyutinnw@histats.com,Male,14.168.228.72
862,Gwendolin,Chaman,gchamannx@webmd.com,Female,202.178.163.133
863,Lazar,Melato,lmelatony@devhub.com,Male,112.210.120.154
864,Pascal,Bodycote,pbodycotenz@nih.gov,Male,230.207.21.106
865,Genovera,Bellhanger,gbellhangero0@epa.gov,Female,104.115.209.220
866,Kimberley,Eveleigh,keveleigho1@google.pl,Female,79.63.68.223
867,Kassi,Lightwing,klightwingo2@who.int,Female,65.43.160.32
868,Hayward,Danneil,hdanneilo3@zdnet.com,Male,148.154.249.146
869,Demetrius,Cheshir,dcheshiro4@go.com,Male,246.4.2.75
870,Timothy,Leisman,tleismano5@eepurl.com,Male,23.197.200.192
871,Gottfried,Indgs,gindgso6@newsvine.com,Male,232.188.158.27
872,Joletta,Castagnone,jcastagnoneo7@ted.com,Female,220.47.218.114
873,Michaella,Blown,mblowno8@geocities.jp,Female,43.63.249.99
874,Melloney,Ashborne,mashborneo9@hexun.com,Female,53.249.22.54
875,Maisie,Stollenbeck,mstollenbeckoa@reference.com,Female,245.137.239.60
876,Kelci,Hempel,khempelob@illinois.edu,Female,116.184.247.196
877,Colly,Wozencroft,cwozencroftoc@acquirethisname.com,Female,238.61.150.25
878,Beulah,Weins,bweinsod@springer.com,Female,248.117.123.248
879,Benyamin,Sharply,bsharplyoe@livejournal.com,Bigender,78.161.249.177
880,Danie,Lambell,dlambellof@theglobeandmail.com,Male,238.113.43.165
881,Sayre,Elliott,selliottog@furl.net,Male,35.214.115.104
882,Carla,Truggian,ctruggianoh@discovery.com,Female,106.4.158.222
883,Izzy,Greenier,igreenieroi@reference.com,Male,114.175.167.129
884,Abra,Currey,acurreyoj@ocn.ne.jp,Female,105.138.26.252
885,Lisetta,Vischi,lvischiok@foxnews.com,Female,161.99.233.77
886,Woody,Crauford,wcraufordol@fda.gov,Male,85.15.221.198
887,Yale,Artindale,yartindaleom@discovery.com,Male,242.169.100.59
888,Blisse,Graser,bgraseron@bandcamp.com,Female,106.165.57.37
889,Tabatha,Palfree,tpalfreeoo@twitter.com,Female,252.199.160.26
890,Ainslee,Palatino,apalatinoop@ftc.gov,Female,202.171.150.123
891,Derrik,Abernethy,dabernethyoq@cocolog-nifty.com,Male,221.204.167.204
892,Nikolas,Gossington,ngossingtonor@booking.com,Male,108.186.8.135
893,Nerty,Jeckells,njeckellsos@gmpg.org,Female,192.215.182.252
894,Del,Devonald,ddevonaldot@ibm.com,Male,158.254.120.41
895,Elnar,Guntrip,eguntripou@amazon.com,Male,137.191.14.62
896,Kalle,Twiggins,ktwigginsov@nhs.uk,Male,213.100.113.73
897,Wolf,Syrie,wsyrieow@discovery.com,Male,37.12.185.19
898,Nita,Faughny,nfaughnyox@berkeley.edu,Polygender,240.87.103.175
899,Tommy,Wind,twindoy@i2i.jp,Female,55.186.53.55
900,Leonie,Bessent,lbessentoz@wikimedia.org,Female,167.81.163.208
901,Meade,Younglove,myounglovep0@xing.com,Male,179.77.75.70
902,Adina,Garside,agarsidep1@biglobe.ne.jp,Female,19.149.76.218
903,Corella,Abbys,cabbysp2@tiny.cc,Female,210.121.26.224
904,Oralle,Ivashnyov,oivashnyovp3@naver.com,Non-binary,131.139.83.226
905,Truda,Drinkeld,tdrinkeldp4@phpbb.com,Female,95.10.176.242
906,Nonna,Louisot,nlouisotp5@whitehouse.gov,Female,102.44.127.168
907,Aldus,Uttermare,auttermarep6@discuz.net,Male,230.171.107.19
908,Roarke,Sirmond,rsirmondp7@gov.uk,Male,159.229.235.136
909,Brocky,Havenhand,bhavenhandp8@fc2.com,Male,34.17.146.26
910,Brynna,Sindall,bsindallp9@ifeng.com,Female,97.216.149.115
911,Arne,D'Antoni,adantonipa@geocities.jp,Male,140.228.93.35
912,Johnette,Eaton,jeatonpb@plala.or.jp,Female,213.243.117.166
913,Ranice,Exroll,rexrollpc@state.tx.us,Female,227.3.66.153
914,Jonathan,De Banke,jdebankepd@com.com,Polygender,205.255.140.190
915,Temple,Loalday,tloaldaype@google.com.hk,Male,180.233.231.176
916,Abagael,Naisbitt,anaisbittpf@free.fr,Female,86.145.111.219
917,Tara,Oriel,torielpg@wunderground.com,Female,159.208.70.66
918,Zorah,Laxston,zlaxstonph@berkeley.edu,Female,214.188.25.251
919,Chane,Kincade,ckincadepi@china.com.cn,Male,200.116.132.42
920,Mitch,Durrand,mdurrandpj@wufoo.com,Male,157.90.29.74
921,Laughton,Tute,ltutepk@alibaba.com,Male,104.99.78.79
922,Griffy,Wainwright,gwainwrightpl@flavors.me,Genderfluid,214.67.155.196
923,Jacqueline,Blackborow,jblackborowpm@bravesites.com,Female,42.240.137.44
924,Concordia,Sockell,csockellpn@wikispaces.com,Polygender,163.122.21.36
925,Othello,Maskill,omaskillpo@ox.ac.uk,Male,126.213.46.189
926,Vanda,Barreau,vbarreaupp@fc2.com,Female,71.192.253.245
927,Oliy,Slayny,oslaynypq@google.co.jp,Female,245.108.5.100
928,Elfie,Shallcrass,eshallcrasspr@goo.ne.jp,Female,64.35.186.56
929,Dody,Kenryd,dkenrydps@hubpages.com,Female,147.126.239.167
930,Jeno,Peiser,jpeiserpt@nytimes.com,Male,156.62.254.7
931,Hollis,Bowller,hbowllerpu@google.nl,Male,33.182.137.66
932,Chickie,Frushard,cfrushardpv@theguardian.com,Male,28.99.47.37
933,Debbi,Sacase,dsacasepw@yellowpages.com,Female,43.28.133.155
934,Miguela,Davidwitz,mdavidwitzpx@naver.com,Female,3.212.96.73
935,Hilly,Hirsthouse,hhirsthousepy@ifeng.com,Male,126.166.239.177
936,Culver,Garron,cgarronpz@facebook.com,Male,217.52.79.252
937,Freeman,Shorrock,fshorrockq0@hp.com,Male,249.211.248.232
938,Jasen,Somerton,jsomertonq1@pagesperso-orange.fr,Male,189.228.105.61
939,Berni,Gilbertson,bgilbertsonq2@about.me,Female,109.182.181.216
940,Wait,Buckingham,wbuckinghamq3@cbslocal.com,Polygender,44.37.217.207
941,Almeda,Earingey,aearingeyq4@yahoo.co.jp,Bigender,239.214.122.88
942,Vivyan,Covill,vcovillq5@sciencedirect.com,Female,209.29.46.1
943,Teresita,Airs,tairsq6@wired.com,Female,191.166.93.118
944,Allister,Nesby,anesbyq7@parallels.com,Male,160.12.154.135
945,Elsy,Adam,eadamq8@ucoz.ru,Female,89.167.164.40
946,Alysa,St. John,astjohnq9@google.it,Female,165.242.137.230
947,Conan,Mellodey,cmellodeyqa@engadget.com,Male,33.127.117.91
948,Nadiya,Dominetti,ndominettiqb@oracle.com,Non-binary,205.210.120.185
949,Dexter,Somes,dsomesqc@arstechnica.com,Male,98.153.140.26
950,Ainslee,Clack,aclackqd@pen.io,Female,111.29.133.199
951,Selestina,Abdie,sabdieqe@google.co.jp,Female,200.191.56.228
952,Niven,Plume,nplumeqf@t.co,Male,94.217.146.106
953,Katherina,Kinnerk,kkinnerkqg@macromedia.com,Female,157.39.254.51
954,Aleece,Fillgate,afillgateqh@chicagotribune.com,Agender,251.51.75.144
955,Alexis,Cogar,acogarqi@goo.ne.jp,Male,99.202.122.35
956,Glenine,Kristoffersen,gkristoffersenqj@lycos.com,Female,180.111.26.76
957,Cordell,Stivens,cstivensqk@naver.com,Male,172.151.210.231
958,Dusty,Reinert,dreinertql@typepad.com,Genderfluid,189.49.211.105
959,Nicki,Tattersfield,ntattersfieldqm@ehow.com,Female,137.111.88.225
960,Quillan,Hughill,qhughillqn@wufoo.com,Male,191.171.142.132
961,Kristofor,Cyples,kcyplesqo@arizona.edu,Male,49.192.62.254
962,Bathsheba,Palatino,bpalatinoqp@cam.ac.uk,Female,74.241.88.36
963,Hannis,Gorsse,hgorsseqq@infoseek.co.jp,Female,30.36.11.122
964,Kristal,Casajuana,kcasajuanaqr@woothemes.com,Female,214.17.57.203
965,Adorne,Allward,aallwardqs@dagondesign.com,Female,126.243.4.233
966,Jessika,Bernath,jbernathqt@biglobe.ne.jp,Female,209.162.91.225
967,Kerwin,Mayler,kmaylerqu@ucla.edu,Male,7.95.109.134
968,Alla,Stonhouse,astonhouseqv@earthlink.net,Female,168.108.74.200
969,Marlo,Davidi,mdavidiqw@bluehost.com,Male,85.250.8.187
970,Adelheid,Lavelle,alavelleqx@webnode.com,Female,115.59.223.187
971,Cinderella,Meldrum,cmeldrumqy@friendfeed.com,Female,250.164.52.79
972,Murry,Barok,mbarokqz@dedecms.com,Male,123.180.220.135
973,Ulric,Thackray,uthackrayr0@arizona.edu,Male,247.57.154.13
974,Shay,Cayzer,scayzerr1@weebly.com,Female,96.193.132.1
975,Arlen,Mattson,amattsonr2@state.gov,Non-binary,42.50.83.110
976,Pegeen,Fallow,pfallowr3@taobao.com,Female,196.57.155.34
977,Rey,Vedyashkin,rvedyashkinr4@icq.com,Female,149.185.224.93
978,Jephthah,Enders,jendersr5@weather.com,Genderqueer,252.212.160.184
979,Blair,Biggin,bbigginr6@archive.org,Male,56.211.219.58
980,Staford,Tidswell,stidswellr7@aol.com,Male,169.121.125.127
981,Jarrid,Cordy,jcordyr8@yelp.com,Male,40.51.141.188
982,Meta,Liger,mligerr9@reverbnation.com,Female,180.102.164.18
983,Melesa,Malin,mmalinra@prlog.org,Female,78.76.131.42
984,Carrol,Spatarul,cspatarulrb@wired.com,Male,64.173.75.56
985,Demott,Mabbot,dmabbotrc@cnn.com,Male,38.217.214.149
986,Arabela,Windsor,awindsorrd@webmd.com,Female,71.198.134.198
987,Robinet,Aldus,raldusre@prweb.com,Male,153.32.141.44
988,Filmore,Saull,fsaullrf@clickbank.net,Polygender,138.66.88.23
989,Joni,Sapauton,jsapautonrg@cdbaby.com,Female,182.6.249.248
990,Burk,Duester,bduesterrh@exblog.jp,Male,241.78.60.214
991,Jermaine,Paula,jpaulari@google.ru,Male,245.158.191.79
992,Edd,Hunnawill,ehunnawillrj@netvibes.com,Male,203.93.68.231
993,Ermanno,Leyland,eleylandrk@skyrock.com,Male,8.86.12.154
994,Jojo,Bellefonte,jbellefonterl@prweb.com,Genderfluid,35.190.5.73
995,Dirk,Deeney,ddeeneyrm@domainmarket.com,Male,101.133.72.50
996,Artair,Youtead,ayouteadrn@mayoclinic.com,Male,200.30.27.43
997,Rockey,Tacker,rtackerro@woothemes.com,Male,236.86.216.135
998,Bill,Hazeman,bhazemanrp@acquirethisname.com,Non-binary,215.2.85.128
999,Yankee,Scamel,yscamelrq@ning.com,Male,207.101.53.101
1000,Conn,Fitzsymon,cfitzsymonrr@nba.com,Male,0.203.215.66
